stock_code,stock_name,as_of_date
000009,中国宝安,2026-05-18
000021,深科技,2026-05-18
000027,深圳能源,2026-05-18
000032,深桑达A,2026-05-18
000034,神州数码,2026-05-18
000039,中集集团,2026-05-18
000050,深天马A,2026-05-18
000060,中金岭南,2026-05-18
000062,深圳华强,2026-05-18
000088,盐田港,2026-05-18
000155,川能动力,2026-05-18
000400,许继电气,2026-05-18
000415,渤海租赁,2026-05-18
000423,东阿阿胶,2026-05-18
000426,兴业银锡,2026-05-18
000429,粤高速A,2026-05-18
000513,丽珠集团,2026-05-18
000519,中兵红箭,2026-05-18
000528,柳工,2026-05-18
000537,绿发电力,2026-05-18
000539,粤电力A,2026-05-18
000559,万向钱潮,2026-05-18
000563,陕国投A,2026-05-18
000582,北部湾港,2026-05-18
000591,太阳能,2026-05-18
000598,兴蓉环境,2026-05-18
000623,吉林敖东,2026-05-18
000629,钒钛股份,2026-05-18
000657,中钨高新,2026-05-18
000683,博源化工,2026-05-18
000703,恒逸石化,2026-05-18
000709,河钢股份,2026-05-18
000723,美锦能源,2026-05-18
000728,国元证券,2026-05-18
000729,燕京啤酒,2026-05-18
000733,振华科技,2026-05-18
000738,航发控制,2026-05-18
000739,普洛药业,2026-05-18
000750,国海证券,2026-05-18
000783,长江证券,2026-05-18
000785,居然智家,2026-05-18
000825,太钢不锈,2026-05-18
000830,鲁西化工,2026-05-18
000831,中国稀土,2026-05-18
000878,云南铜业,2026-05-18
000883,湖北能源,2026-05-18
000887,中鼎股份,2026-05-18
000893,亚钾国际,2026-05-18
000898,鞍钢股份,2026-05-18
000921,海信家电,2026-05-18
000932,华菱钢铁,2026-05-18
000933,神火股份,2026-05-18
000937,冀中能源,2026-05-18
000951,中国重汽,2026-05-18
000958,电投产融,2026-05-18
000959,首钢股份,2026-05-18
000960,锡业股份,2026-05-18
000967,盈峰环境,2026-05-18
000987,越秀资本,2026-05-18
000997,新 大 陆,2026-05-18
001213,中铁特货,2026-05-18
001221,悍高集团,2026-05-18
001286,陕西能源,2026-05-18
001389,广合科技,2026-05-18
001696,宗申动力,2026-05-18
002007,华兰生物,2026-05-18
002008,大族激光,2026-05-18
002025,航天电器,2026-05-18
002032,苏泊尔,2026-05-18
002044,美年健康,2026-05-18
002056,横店东磁,2026-05-18
002064,华峰化学,2026-05-18
002065,东华软件,2026-05-18
002078,太阳纸业,2026-05-18
002080,中材科技,2026-05-18
002085,万丰奥威,2026-05-18
002120,韵达股份,2026-05-18
002126,银轮股份,2026-05-18
002128,电投能源,2026-05-18
002130,沃尔核材,2026-05-18
002131,利欧股份,2026-05-18
002138,顺络电子,2026-05-18
002152,广电运通,2026-05-18
002153,石基信息,2026-05-18
002155,湖南黄金,2026-05-18
002156,通富微电,2026-05-18
002157,正邦科技,2026-05-18
002185,华天科技,2026-05-18
002195,岩山科技,2026-05-18
002202,金风科技,2026-05-18
002203,海亮股份,2026-05-18
002223,鱼跃医疗,2026-05-18
002244,滨江集团,2026-05-18
002261,拓维信息,2026-05-18
002262,恩华药业,2026-05-18
002265,建设工业,2026-05-18
002266,浙富控股,2026-05-18
002271,东方雨虹,2026-05-18
002273,水晶光电,2026-05-18
002281,光迅科技,2026-05-18
002294,信立泰,2026-05-18
002299,圣农发展,2026-05-18
002312,川发龙蟒,2026-05-18
002318,久立特材,2026-05-18
002335,科华数据,2026-05-18
002340,格林美,2026-05-18
002353,杰瑞股份,2026-05-18
002372,伟星新材,2026-05-18
002385,大北农,2026-05-18
002402,和而泰,2026-05-18
002409,雅克科技,2026-05-18
002410,广联达,2026-05-18
002414,高德红外,2026-05-18
002423,中粮资本,2026-05-18
002429,兆驰股份,2026-05-18
002430,杭氧股份,2026-05-18
002432,九安医疗,2026-05-18
002436,兴森科技,2026-05-18
002439,启明星辰,2026-05-18
002444,巨星科技,2026-05-18
002461,珠江啤酒,2026-05-18
002465,海格通信,2026-05-18
002472,双环传动,2026-05-18
002500,山西证券,2026-05-18
002508,老板电器,2026-05-18
002517,恺英网络,2026-05-18
002532,天山铝业,2026-05-18
002558,巨人网络,2026-05-18
002568,百润股份,2026-05-18
002583,海能达,2026-05-18
002595,豪迈科技,2026-05-18
002603,以岭药业,2026-05-18
002607,中公教育,2026-05-18
002608,江苏国信,2026-05-18
002624,完美世界,2026-05-18
002670,国盛证券,2026-05-18
002673,西部证券,2026-05-18
002683,广东宏大,2026-05-18
002738,中矿资源,2026-05-18
002739,儒意电影,2026-05-18
002756,永兴材料,2026-05-18
002773,康弘药业,2026-05-18
002797,第一创业,2026-05-18
002821,凯莱英,2026-05-18
002831,裕同科技,2026-05-18
002837,英维克,2026-05-18
002841,视源股份,2026-05-18
002850,科达利,2026-05-18
002851,麦格米特,2026-05-18
002926,华西证券,2026-05-18
002939,长城证券,2026-05-18
002945,华林证券,2026-05-18
002958,青农商行,2026-05-18
002966,苏州银行,2026-05-18
002984,森麒麟,2026-05-18
003021,兆威机电,2026-05-18
003022,联泓新科,2026-05-18
003031,中瓷电子,2026-05-18
003035,南网能源,2026-05-18
300001,特锐德,2026-05-18
300002,神州泰岳,2026-05-18
300003,乐普医疗,2026-05-18
300012,华测检测,2026-05-18
300017,网宿科技,2026-05-18
300024,机器人,2026-05-18
300037,新宙邦,2026-05-18
300054,鼎龙股份,2026-05-18
300058,蓝色光标,2026-05-18
300070,碧水源,2026-05-18
300073,当升科技,2026-05-18
300100,双林股份,2026-05-18
300115,长盈精密,2026-05-18
300136,信维通信,2026-05-18
300140,节能环境,2026-05-18
300142,沃森生物,2026-05-18
300144,宋城演艺,2026-05-18
300146,汤臣倍健,2026-05-18
300207,欣旺达,2026-05-18
300223,北京君正,2026-05-18
300285,国瓷材料,2026-05-18
300339,润和软件,2026-05-18
300346,南大光电,2026-05-18
300373,扬杰科技,2026-05-18
300383,光环新网,2026-05-18
300390,天华新能,2026-05-18
300395,菲利华,2026-05-18
300432,富临精工,2026-05-18
300450,先导智能,2026-05-18
300454,深信服,2026-05-18
300458,全志科技,2026-05-18
300474,景嘉微,2026-05-18
300487,蓝晓科技,2026-05-18
300496,中科创达,2026-05-18
300529,健帆生物,2026-05-18
300558,贝达药业,2026-05-18
300567,精测电子,2026-05-18
300570,太辰光,2026-05-18
300601,康泰生物,2026-05-18
300604,长川科技,2026-05-18
300623,捷捷微电,2026-05-18
300627,华测导航,2026-05-18
300676,华大基因,2026-05-18
300677,英科医疗,2026-05-18
300679,电连技术,2026-05-18
300699,光威复材,2026-05-18
300718,长盛轴承,2026-05-18
300724,捷佳伟创,2026-05-18
300735,光弘科技,2026-05-18
300748,金力永磁,2026-05-18
300751,迈为股份,2026-05-18
300757,罗博特科,2026-05-18
300763,锦浪科技,2026-05-18
300857,协创数据,2026-05-18
300888,稳健医疗,2026-05-18
300919,中伟新材,2026-05-18
300957,贝泰妮,2026-05-18
300972,万辰集团,2026-05-18
301200,大族数控,2026-05-18
301301,川宁生物,2026-05-18
301308,江波龙,2026-05-18
301358,湖南裕能,2026-05-18
301498,乖宝宠物,2026-05-18
301536,星宸科技,2026-05-18
301611,珂玛科技,2026-05-18
600004,白云机场,2026-05-18
600007,中国国贸,2026-05-18
600008,首创环保,2026-05-18
600021,上海电力,2026-05-18
600032,浙江新能,2026-05-18
600038,中直股份,2026-05-18
600060,海信视像,2026-05-18
600062,华润双鹤,2026-05-18
600095,湘财股份,2026-05-18
600096,云天化,2026-05-18
600098,广州发展,2026-05-18
600109,国金证券,2026-05-18
600118,中国卫星,2026-05-18
600126,杭钢股份,2026-05-18
600131,国网信通,2026-05-18
600132,重庆啤酒,2026-05-18
600141,兴发集团,2026-05-18
600143,金发科技,2026-05-18
600153,建发股份,2026-05-18
600157,永泰能源,2026-05-18
600166,福田汽车,2026-05-18
600170,上海建工,2026-05-18
600171,上海贝岭,2026-05-18
600177,雅戈尔,2026-05-18
600208,衢州发展,2026-05-18
600282,南钢股份,2026-05-18
600295,鄂尔多斯,2026-05-18
600298,安琪酵母,2026-05-18
600299,安迪苏,2026-05-18
600312,平高电气,2026-05-18
600316,洪都航空,2026-05-18
600329,达仁堂,2026-05-18
600332,白云山,2026-05-18
600339,中油工程,2026-05-18
600348,华阳股份,2026-05-18
600352,浙江龙盛,2026-05-18
600363,联创光电,2026-05-18
600369,西南证券,2026-05-18
600378,昊华科技,2026-05-18
600380,健康元,2026-05-18
600390,五矿资本,2026-05-18
600392,盛和资源,2026-05-18
600398,海澜之家,2026-05-18
600435,北方导航,2026-05-18
600483,福能股份,2026-05-18
600486,扬农化工,2026-05-18
600487,亨通光电,2026-05-18
600497,驰宏锌锗,2026-05-18
600498,烽火通信,2026-05-18
600499,科达制造,2026-05-18
600511,国药股份,2026-05-18
600516,方大炭素,2026-05-18
600517,国网英大,2026-05-18
600521,华海药业,2026-05-18
600528,中铁工业,2026-05-18
600535,天士力,2026-05-18
600536,中国软件,2026-05-18
600546,山煤国际,2026-05-18
600549,厦门钨业,2026-05-18
600562,国睿科技,2026-05-18
600563,法拉电子,2026-05-18
600566,济川药业,2026-05-18
600578,京能电力,2026-05-18
600580,卧龙电驱,2026-05-18
600582,天地科技,2026-05-18
600583,海油工程,2026-05-18
600598,北大荒,2026-05-18
600601,方正科技,2026-05-18
600602,云赛智联,2026-05-18
600606,绿地控股,2026-05-18
600637,东方明珠,2026-05-18
600642,申能股份,2026-05-18
600655,豫园股份,2026-05-18
600663,陆家嘴,2026-05-18
600673,东阳光,2026-05-18
600685,中船防务,2026-05-18
600688,上海石化,2026-05-18
600699,均胜电子,2026-05-18
600704,物产中大,2026-05-18
600707,彩虹股份,2026-05-18
600720,中交设计,2026-05-18
600737,中粮糖业,2026-05-18
600739,辽宁成大,2026-05-18
600754,锦江酒店,2026-05-18
600763,通策医疗,2026-05-18
600764,中国海防,2026-05-18
600765,中航重机,2026-05-18
600801,华新建材,2026-05-18
600808,马钢股份,2026-05-18
600816,建元信托,2026-05-18
600820,隧道股份,2026-05-18
600848,上海临港,2026-05-18
600862,中航高科,2026-05-18
600863,华能蒙电,2026-05-18
600871,石化油服,2026-05-18
600873,梅花生物,2026-05-18
600879,航天电子,2026-05-18
600884,杉杉股份,2026-05-18
600885,宏发股份,2026-05-18
600901,江苏金租,2026-05-18
600906,财达证券,2026-05-18
600909,华安证券,2026-05-18
600927,永安期货,2026-05-18
600959,江苏有线,2026-05-18
600967,内蒙一机,2026-05-18
600968,海油发展,2026-05-18
600970,中材国际,2026-05-18
600977,中国电影,2026-05-18
600985,淮北矿业,2026-05-18
600988,赤峰黄金,2026-05-18
600995,南网储能,2026-05-18
600998,九州通,2026-05-18
601000,唐山港,2026-05-18
601001,晋控煤业,2026-05-18
601016,节能风电,2026-05-18
601019,山东出版,2026-05-18
601061,中信金属,2026-05-18
601098,中南传媒,2026-05-18
601099,太平洋,2026-05-18
601106,中国一重,2026-05-18
601108,财通证券,2026-05-18
601118,海南橡胶,2026-05-18
601128,常熟银行,2026-05-18
601139,深圳燃气,2026-05-18
601155,新城控股,2026-05-18
601156,东航物流,2026-05-18
601162,天风证券,2026-05-18
601168,西部矿业,2026-05-18
601179,中国西电,2026-05-18
601198,东兴证券,2026-05-18
601212,白银有色,2026-05-18
601216,君正集团,2026-05-18
601228,广州港,2026-05-18
601231,环旭电子,2026-05-18
601233,桐昆股份,2026-05-18
601333,广深铁路,2026-05-18
601399,国机重装,2026-05-18
601555,东吴证券,2026-05-18
601567,三星电气,2026-05-18
601577,长沙银行,2026-05-18
601598,中国外运,2026-05-18
601608,中信重工,2026-05-18
601611,中国核建,2026-05-18
601615,明阳智能,2026-05-18
601665,齐鲁银行,2026-05-18
601666,平煤股份,2026-05-18
601696,中银证券,2026-05-18
601699,潞安环能,2026-05-18
601717,中创智领,2026-05-18
601799,星宇股份,2026-05-18
601865,福莱特,2026-05-18
601866,中远海发,2026-05-18
601880,辽港股份,2026-05-18
601918,新集能源,2026-05-18
601921,浙版传媒,2026-05-18
601928,凤凰传媒,2026-05-18
601958,金钼股份,2026-05-18
601965,中国汽研,2026-05-18
601966,玲珑轮胎,2026-05-18
601990,南京证券,2026-05-18
601991,大唐发电,2026-05-18
601997,贵阳银行,2026-05-18
603000,人民网,2026-05-18
603049,中策橡胶,2026-05-18
603077,和邦生物,2026-05-18
603087,甘李药业,2026-05-18
603129,春风动力,2026-05-18
603156,养元饮品,2026-05-18
603160,汇顶科技,2026-05-18
603179,新泉股份,2026-05-18
603225,新凤鸣,2026-05-18
603228,景旺电子,2026-05-18
603233,大参林,2026-05-18
603290,斯达半导,2026-05-18
603298,杭叉集团,2026-05-18
603338,浙江鼎力,2026-05-18
603341,龙旗科技,2026-05-18
603345,安井食品,2026-05-18
603379,三美股份,2026-05-18
603444,吉比特,2026-05-18
603486,科沃斯,2026-05-18
603529,爱玛科技,2026-05-18
603565,中谷物流,2026-05-18
603568,伟明环保,2026-05-18
603589,口子窖,2026-05-18
603596,伯特利,2026-05-18
603605,珀莱雅,2026-05-18
603606,东方电缆,2026-05-18
603650,彤程新材,2026-05-18
603658,安图生物,2026-05-18
603659,璞泰来,2026-05-18
603688,石英股份,2026-05-18
603699,纽威股份,2026-05-18
603707,健友股份,2026-05-18
603728,鸣志电器,2026-05-18
603737,三棵树,2026-05-18
603766,隆鑫通用,2026-05-18
603786,科博达,2026-05-18
603806,福斯特,2026-05-18
603816,顾家家居,2026-05-18
603833,欧派家居,2026-05-18
603858,步长制药,2026-05-18
603885,吉祥航空,2026-05-18
603899,晨光股份,2026-05-18
603920,世运电路,2026-05-18
603927,中科软,2026-05-18
603939,益丰药房,2026-05-18
603979,金诚信,2026-05-18
605358,立昂微,2026-05-18
605589,圣泉集团,2026-05-18
688002,睿创微纳,2026-05-18
688017,绿的谐波,2026-05-18
688018,乐鑫科技,2026-05-18
688019,安集科技,2026-05-18
688027,国盾量子,2026-05-18
688037,芯源微,2026-05-18
688052,纳芯微,2026-05-18
688065,凯赛生物,2026-05-18
688099,晶晨股份,2026-05-18
688100,威胜信息,2026-05-18
688114,华大智造,2026-05-18
688120,华海清科,2026-05-18
688122,西部超导,2026-05-18
688166,博瑞医药,2026-05-18
688172,燕东微,2026-05-18
688180,君实生物,2026-05-18
688183,生益电子,2026-05-18
688188,柏楚电子,2026-05-18
688192,迪哲医药,2026-05-18
688213,思特威,2026-05-18
688220,翱捷科技,2026-05-18
688234,天岳先进,2026-05-18
688235,百济神州,2026-05-18
688248,南网科技,2026-05-18
688266,泽璟制药,2026-05-18
688278,特宝生物,2026-05-18
688281,华秦科技,2026-05-18
688295,中复神鹰,2026-05-18
688297,中无人机,2026-05-18
688301,奕瑞科技,2026-05-18
688318,财富趋势,2026-05-18
688322,奥比中光,2026-05-18
688336,三生国健,2026-05-18
688347,华虹公司,2026-05-18
688349,三一重能,2026-05-18
688361,中科飞测,2026-05-18
688363,华熙生物,2026-05-18
688375,国博电子,2026-05-18
688385,复旦微电,2026-05-18
688387,信科移动,2026-05-18
688425,铁建重工,2026-05-18
688469,芯联集成,2026-05-18
688475,萤石网络,2026-05-18
688520,神州细胞,2026-05-18
688525,佰维存储,2026-05-18
688538,和辉光电,2026-05-18
688561,奇安信,2026-05-18
688563,航材股份,2026-05-18
688568,中科星图,2026-05-18
688578,艾力斯,2026-05-18
688582,芯动联科,2026-05-18
688599,天合光能,2026-05-18
688608,恒玄科技,2026-05-18
688615,合合信息,2026-05-18
688617,惠泰医疗,2026-05-18
688629,华丰科技,2026-05-18
688676,金盘科技,2026-05-18
688692,达梦数据,2026-05-18
688702,盛科通信,2026-05-18
688709,成都华微,2026-05-18
688728,格科微,2026-05-18
688772,珠海冠宇,2026-05-18
688777,中控技术,2026-05-18
688778,厦钨新能,2026-05-18
688819,天能股份,2026-05-18
